﻿<?xml version="1.0" encoding="utf-8" ?>
<customUI xmlns="http://schemas.microsoft.com/office/2006/01/customui" >
  <ribbon>
    <tabs>
      <tab id="Add-ins" label="Khmer Word Segmentation">
        <group id="groupFMM" label="Forward Maximal Matching">
          <button id="btnWholeFMM" label="Word Segmentation" onAction="OnAction" />          
          <button id="btnWholeSecFMM" label="Word Segmentation(+H/F)" onAction="OnAction" />          
          <button id="btnSelFMM" label="Word Segmentation(Select)" onAction="OnAction" />
        </group>
        <group id="groupBMM" label="Backward Maximal Matching">
          <button id="btnWholeBMM" label="Word Segmentation" onAction="OnAction" />
          <button id="btnWholeSecBMM" label="Word Segmentation(+H/F)" onAction="OnAction" />
          <button id="btnSelBMM" label="Word Segmentation(Select)" onAction="OnAction" />
        </group>
        <group id="groupBiMM" label="Bi-directional Maximal Matching">
          <button id="btnWholeBiMM" label="Word Segmentation" onAction="OnAction" />
          <button id="btnWholeSecBiMM" label="Word Segmentation(+H/F)" onAction="OnAction" />
          <button id="btnSelBiMM" label="Word Segmentation(Select)" onAction="OnAction" />
        </group>
      </tab>
    </tabs>
  </ribbon>
</customUI>